ID,runId,domain,recordCount,fetchedAt,status
e5f6a7b8-0001-0001-0001-000000000001,a1b2c3d4-0001-0001-0001-000000000001,TANK,24,2026-09-29T06:00:10Z,LIVE
e5f6a7b8-0001-0001-0001-000000000002,a1b2c3d4-0001-0001-0001-000000000001,MAT,8,2026-09-29T06:00:11Z,LIVE
e5f6a7b8-0001-0001-0001-000000000003,a1b2c3d4-0001-0001-0001-000000000001,MOV,342,2026-09-29T06:00:13Z,LIVE
e5f6a7b8-0001-0001-0001-000000000004,a1b2c3d4-0001-0001-0001-000000000001,PHYS,12,2026-09-29T06:00:15Z,LIVE
e5f6a7b8-0001-0001-0001-000000000005,a1b2c3d4-0001-0001-0001-000000000001,BOOK,18,2026-09-29T06:00:16Z,LIVE
e5f6a7b8-0001-0001-0001-000000000006,a1b2c3d4-0001-0001-0001-000000000002,TANK,24,2026-09-28T06:00:10Z,LIVE
e5f6a7b8-0001-0001-0001-000000000007,a1b2c3d4-0001-0001-0001-000000000002,MOV,28,2026-09-28T06:00:13Z,LIVE
e5f6a7b8-0001-0001-0001-000000000008,a1b2c3d4-0001-0001-0001-000000000004,TANK,0,2026-09-29T07:00:10Z,MISSING
e5f6a7b8-0001-0001-0001-000000000009,a1b2c3d4-0001-0001-0001-000000000004,MOV,0,2026-09-29T07:00:10Z,MISSING
